algo,mode,key_bits,size_bytes,throughput_Bps
AES,CTR,128,1024,252909758.95673063
AES,CTR,128,16384,634991073.9081334
AES,CTR,128,1048576,459175444.0637497
AES,CTR,128,16777216,445742106.263619
