algo,size_bytes,throughput_Bps
SHA256,1024,777155867.9594834
SHA256,16384,1252351048.5394475
SHA256,1048576,1242726178.8815057
SHA256,16777216,1295146283.3241258
SHA512,1024,408851291.0177751
SHA512,16384,588222820.7169296
SHA512,1048576,544155870.5453092
SHA512,16777216,554063790.6727253
